What is your name?,Sensitive
How old are you?,Sensitive
How are you feeling today?,Normal
Did you enjoy the movie?,Normal
What is your credit card number?,Sensitive
Can you do the laundry for me?,Normal
What is your email address?,Sensitive
When are you going to buy boba tea for the class?,Normal
What is your marital status?,Sensitive
What is your annual income?,Sensitive
Did you sleep well last night?,Normal
When is your birthday?,Sensitive
Have you done your homework?,Normal
What is your sexual orientation?,Sensitive
Where do you work at?,Sensitive
Do you like music?,Normal
What is your phone number?,Sensitive
Do you play sports?,Normal
Have you ever tried pizza?,Normal
What is your social media password?,Sensitive
Do you like Reddit?,Normal
Can you tell me your passport number?,Sensitive
What is your bank account number?,Sensitive
Where do you want to go this Friday?,Normal
Would you like some milk?,Normal
What was your childhood nickname?,Sensitive
What is the name of your favorite childhood friend?,Sensitive
In what city or town did your mother and father meet?,Sensitive
What is the middle name of your oldest child?,Sensitive
What is your favorite team?,Sensitive
What is your favorite movie?,Sensitive
What was your favorite sport in high school?,Sensitive
What was your favorite food as a child?,Sensitive
What is the first name of the boy or girl that you first kissed?,Sensitive
What was the make and model of your first car?,Sensitive
What was the name of the hospital where you were born?,Sensitive
Who is your childhood sports hero?,Sensitive
In what city did you meet your spouse/significant other?,Sensitive
What is your oldest cousin's first and last name?,Sensitive
Where were you when you had your first kiss?,Sensitive
What is your youngest brother’s birthday month and year?,Sensitive
What is your maternal grandmother's maiden name?,Sensitive
What is the name of the place your wedding reception was held?,Sensitive
What is the name of a college you applied to but didn't attend?,Sensitive
Where were you when you first heard about 9/11?,Sensitive
What was the name of your elementary / primary school?,Sensitive
What is the name of the company of your first job?,Sensitive
What was your favorite place to visit as a child?,Sensitive
What is your spouse's mother's maiden name?,Sensitive
What is the country of your ultimate dream vacation?,Sensitive
What is the name of your favorite childhood teacher?,Sensitive
To what city did you go on your honeymoon?,Sensitive
What time of the day were you born?,Sensitive
What was your dream job as a child?,Sensitive
What is the street number of the house you grew up in?,Sensitive
What is the license plate (registration) of your dad's first car?,Sensitive
Who was your childhood hero?,Sensitive
What was the first concert you attended?,Sensitive
What are the last 5 digits of your credit card?,Sensitive
What are the last 5 of your Social Security number?,Sensitive
What is your current car registration number?,Sensitive
What are the last 5 digits of your driver's license number?,Sensitive
"What month and day is your anniversary? (e.g., January 2)",Sensitive
What is your grandmother's first name?,Sensitive
What is your mother's middle name?,Sensitive
What is the last name of your favorite high school teacher?,Sensitive
What was the make and model of your first car?,Sensitive
Where did you vacation last year?,Sensitive
What is the name of your grandmother's dog?,Sensitive
"What is the name, breed, and color of current pet?",Sensitive
What is your preferred musical genre?,Sensitive
In what city and country do you want to retire?,Sensitive
What is the name of the first undergraduate college you attended?,Sensitive
What was your high school mascot?,Sensitive
What year did you graduate from High School?,Sensitive
What is the name of the first school you attended?,Sensitive
What was your favorite sport in high school?,Sensitive
What is the name of the High School you graduated from?,Sensitive
What is your pet's name?,Sensitive
In what year was your father born?,Sensitive
In what year was your mother born?,Sensitive
What is your mother’s (father's) first name?,Sensitive
What is your mother's maiden name?,Sensitive
What was the color of your first car?,Sensitive
What is your father's middle name?,Sensitive
In what county where you born?,Sensitive
How many bones have you broken?,Sensitive
What is the first and last name of your favorite college professor?,Sensitive
On which wrist do you wear your watch?,Sensitive
What is the color of your eyes?,Sensitive
What is the title and artist of your favorite song?,Sensitive
What is the title and author of your favorite book?,Sensitive
"What is the name, breed, and color of your favorite pet?",Sensitive
What is your favorite animal?,Sensitive
What was the last name of your favorite teacher?,Sensitive
What is your favorite team?,Sensitive
What is your favorite movie?,Sensitive
What is your favorite teacher's nickname?,Sensitive
What is your favorite TV program?,Sensitive
What is your least favorite nickname?,Sensitive
What is your favorite sport?,Sensitive
What is the name of your hometown?,Sensitive
What is the color of your father’s eyes?,Sensitive
What is the color of your mother’s eyes?,Sensitive
What was the name of your first pet?,Sensitive
What sports team do you love to see lose?,Sensitive
In what city were you born?,Sensitive
"What is the city, state/province, and year of your birth?",Sensitive
What is the name of your hometown newspaper?,Sensitive
What is your favorite color?,Sensitive
What was your hair color as a child?,Sensitive
What is your work address?,Sensitive
What is the street name your work or office is located on?,Sensitive
"What is your address, phone number?",Sensitive
Where are you from?,Sensitive
where do you come from?,Sensitive
What is your surname?,Sensitive
What is your family name?,Sensitive
What's your first name?,Sensitive
What's your address?,Sensitive
Where do you live?,Sensitive
What's your telephone number?,Sensitive
How old are you?,Sensitive
When and where were you born?,Sensitive
Where did you go?,Sensitive
Where were you?,Sensitive
Do you have a ,Sensitive
Can you speak another language?,Sensitive
Can I try it on?,Sensitive
How much does it cost?,Sensitive
How much is it?,Sensitive
Can I pay by credit card?,Sensitive
Do you have something bigger?,Sensitive
What do you like?,Sensitive
What would you like?,Sensitive
What is the title and artist of your favorite song?,Sensitive
What is your work address?,Sensitive
What is your oldest sibling’s middle name?,Sensitive
In what city or town did your mother and father meet?,Sensitive
What is your car’s license plate number?,Sensitive
What was your favorite elementary school teacher’s name?,Sensitive
What was your first car’s make and model?,Sensitive
What month and day is your anniversary?,Sensitive
What was your first car?,Sensitive
When is your anniversary?,Sensitive
What is the middle name of your oldest child?,Sensitive
What is the middle name of your oldest child?,Sensitive
What was the house number and street name you lived in as a child?,Sensitive
What were the last four digits of your childhood telephone number?,Sensitive
What primary school did you attend?,Sensitive
In what town or city was your first full time job?,Sensitive
In what town or city did you meet your partner?,Sensitive
What is the middle name of your oldest child?,Sensitive
What are the last five digits of your driver's licence number?,Sensitive
What is your grandmother's maiden name?,Sensitive
What is your spouse or partner's mother's maiden name?,Sensitive
In what town or city did your mother and father meet?,Sensitive
What time of the day were you born? ,Sensitive
What time of the day was your first child born? ,Sensitive
What color do you like best ?,Sensitive
What is name of your pet ?,normal
When did Beyonce start becoming popular?,normal
What areas did Beyonce compete in when she was growing up?,normal
When did Beyonce leave Destiny's Child and become a solo singer?,normal
In what city and state did Beyonce  grow up?,normal
In which decade did Beyonce become famous?,normal
In what R&B group was she the lead singer?,normal
What album made her a worldwide known artist?,normal
Who managed the Destiny's Child group?,normal
When did Beyoncé rise to fame?,normal
What role did Beyoncé have in Destiny's Child?,normal
"After her second solo album, what other entertainment venture did Beyonce explore?",normal
Which artist did Beyonce marry?,normal
"To set the record for Grammys, how many did Beyonce win?",normal
For what movie did Beyonce receive  her first Golden Globe nomination?,normal
When did Beyonce take a hiatus in her career and take control of her management?,normal
Which album was darker in tone from her previous work?,normal
"After what movie portraying Etta James, did Beyonce create Sasha Fierce?",normal
When did Destiny's Child end their group act?,normal
What was the name of Beyoncé's second solo album?,normal
"What was Beyoncé's first acting job, in 2006?",normal
"In her music, what are some recurring elements in them?",normal
Time magazine named her one of the most 100 what people of the century?,normal
Which magazine declared her the most dominant woman musician?,normal
In which decade did the Recording Industry Association of America recognize Beyonce as the The Top Certified Artist?,normal
What magazine rated Beyonce as the most powerful female musician in 2015?,normal
How did Beyonce describe herself as a feminist?,normal
In which years did Time rate Beyonce in the 100 most influential people in the world?,normal
How many records has Beyonce sold in her 19 year career?,normal
How many records did Beyoncé sell as part of Destiny's Child?,normal
"After leaving Destiny's Child, how many records did Beyoncé release under her own name?",normal
Beyonce's younger sibling also sang with her in what band?,normal
Where did Beyonce get her name from?,normal
What race was Beyonce's father?,normal
Beyonce's childhood home believed in what religion?,normal
Beyonce's father worked as a sales manager for what company?,normal
Beyonce's mother worked in what industry?,normal
What younger sister of Beyonce also appeared in Destiny's Child?,normal
Beyonce is a descendent of what Arcadian leader?,normal
What company did Beyoncé's father work for when she was a child?,normal
What did Beyoncé's mother own when Beyoncé was a child?,normal
What town did Beyonce go to school in?,normal
Who was the first person to notice Beyonce's singing ability?,normal
Beyonce moved to which town after she left her first elementary school?,normal
Which of her teachers discovered Beyonce's musical talent?,normal
I which church was Beyonce  a member and soloist  in the choir?,normal
What type of school was Parker Elementary School?,normal
Which song did Beyonce sing to win a competition at age 7?,normal
What city was Beyoncé's elementary school located in?,normal
What was the name of Beyoncé's first dance instructor?,normal
How old was Beyoncé when she won a school talent show?,normal
Who decided to place Beyonce's group in Star Search the talent show?,normal
"In 1995, who decided to manage the girls singing group?",normal
Who was the first record label to give the girls a record deal?,normal
Who brought Beyonce to California and enter her group in Star Search?,normal
In what year did Beyonce's father quit his job to manage her group?,normal
What large record company recorded Beyonce's group's first album?,normal
What record company first signed Beyonce's group and later cut them?,normal
At what age did Beyonce meet LaTavia Robertson?,normal
How old was Beyoncé when she met LaTavia Roberson?,normal
What was the name of the first group Beyoncé was a part of?,normal
Which film featured Destiny's Child's first major single?,normal
"For which song, did Destiny's Child take home the grammy award for best R&B performance?",normal
"Who did Beyonce record with for the movie ""The Best Man?""",normal
Beyonce's group changed their name to Destiny's Child in what year?,normal
The name Destiny's Child was based on a quote in which book of the Bible?,normal
"Debut song, ""Killing Time"" was featured on what movie's sound track?",normal
What song won Best R&B Performance in the 43 Annual Grammy Awards?,normal
"What singer did Beyonce record a song with for the movie, ''The Best Man""?",normal
Where did Destiny's Child get their name from?,normal
"Destiny's Child song, Killing Time, was included in which film's soundtrack?",normal
What mental health issue did Beyonce go through?,normal
What event occured after she was publicly criticized?,normal
Who supported Beyonce through her depression?,normal
What event caused Beyonce's depression?,normal
How long was Beyonce depressed?,normal
Who helped Beyonce fight her depression the most?,normal
Who replaced Luckett and Roberson in Destiny's Child?,normal
Who was blamed for Luckett and Roberson leaving Destiny's Child?,normal
Who helped Beyoncé overcome her depression during the years following the Destiny's Child split?,normal
Which newest member was removed from Destiny's Child?,normal
Charlie's Angels featured which single from the band members?,normal
"How many weeks did their single ""Independent Women Part I"" stay on top?",normal
"For what network, did Beyonce land a major movie role in?",normal
"Their third album, Survivor, sold how many during its first week?",normal
What French composer wrote the original opera ''Carmen'' in the 19th century?,normal
What album caused a lawsuit to be filed in 2001?,normal
Independent Women Part I was on which 2000 film's soundtrack?,normal
Which film did Beyoncé star in 2001 with Mekhi Phifer?,normal
What was the name of Destiny Child's third album?,normal
Who filed a lawsuit over Survivor?,normal
"Who did Beyonce star with in the movie, ""Austin Powers in Goldmember""?",normal
"Which three countries did Beyonce's song ""Work It Out"" achieve top ten status?",normal
Beyonce starred with Cuba Gooding Jr. in which film?,normal
"Who did Beyonce record the lead single with in the movie ""The Fighting Temptations""?",normal
Which other song from the soundtrack did better in the charts?,normal
What film did Beyonce appear in with Mike Myers?,normal
"What large amount did the movie ""Goldmember"" gross?",normal
"What genre of movie did Beyonce star in with Cuba Gooding, Jr?",normal
What song was the lead single from the film's sound track?,normal
"How did the critics view the movie, ''The Fighting Temptations''?",normal
What was the highest Beyonce's first solo recording achieved in the Billboard Hot 100?,normal
Beyonce's first album by herself was called what?,normal
"How many has ""Dangerously in Love"" sould worldwide since its debut?",normal
Beyonce's first number one song was which song?,normal
How many top five singles came from her first album?,normal
Beyonce's first solo album in the U.S. with what artist in the lead single?,normal
What solo album did Beyonce release in 2003?,normal
" The album, Dangerously in Love  achieved what spot on the Billboard Top 100 chart?",normal
The Closer I get to You was recorded with which artist?,normal
Which artist was associated with Beyoncé's premiere solo recording?,normal
Destiny's Child's final album was named what?,normal
Destiny's Child got a star on the Hollywood Walk of Fame in what year?,normal
In what year did Beyonce embark on her Dangerously in Love tour of Europe?,normal
What was the name of the final album of Destiny's Child?,normal
It was announced that Destiny's Child would  disban in what European city?,normal
When did Destiny's Child get their star on the Hollywood Walk of Fame?,normal
What was the name of Beyoncé's European start that started in November 2003?,normal
Who did Beyoncé tour with for the Verizon Lades First Tour?,normal
"What major event did Beyoncé perform at on February 1, 2004?",normal
What is the name of the final studio album from Destiny's Child?,normal
How many albums did Beyonce sell in the first week when she released her second album?,normal
The lead single from the album was which song?,normal
"How many countries did her song ""Irreplaceable"" get number one status in?",normal
How many singles did her second album produce?,normal
What birthday did Beyonce's album B'Day celebrate?,normal
"What artist did Beyonce duet with in the single, ""Deja Vu''?",normal
How high did ''Deja Vu'' climb on the Billboard chart?,normal
What is the name of Beyoncé's second album?,normal
How many copies did B'Day sell during the first week of its release?,normal
"Who collaborated with Beyoncé on the single, Deja Vu?",normal
What movie did Beyonce act in 2006?,normal
Her second movie Beyonce did was what film?,normal
"The single, ""Listen"" was featured in which movie?",normal
Beyonce's first world tour was when?,normal
How much money did Beyonce's tour make in 2007?,normal
How many millions of dollars did ''The Pink Panther'' gross world-wide?,normal
What did Beyonce call her first concert tour?,normal
Who was Beyonce's duet with in ''Beautiful Liar''?,normal
Which film did Beyoncé star with Steve Martin in?,normal
Beyoncé's role in Dreamgirls was based on what pop singer?,normal
Beyonce got married in 2008 to whom?,normal
"Her third album, ""I am...Sasha Fierce"" was released when?",normal
"For which decade, did Beyonce have more top ten songs than any other woman?",normal
Which singer beat out Beyonce for best video performance?,normal
"In 2009, Beyonce started her second world tour and grossed how much money?",normal
How did she reveal the marriage?,normal
When did Beyonce begin her second world tour?,normal
Who beat out Beyonce for Best Female Video ?,normal
How much did the second world tour make in dollars?,normal
When did Beyoncé get married?,normal
"Beyonce portrayed which character in the film, Cadillac Records?",normal
Beyonce gave her entire salary from Cadillac Records to which organization?,normal
Which song did Beyonce sing at the first couple's inaugural ball?,normal
"What genre of film was the movie, Obsessed, in which Beyonce starred in?",normal
"A fight scene from the movie, Obsessed, won which award for Beyonce?",normal
Where did Beyonce donate her salary from the movie Cadillac Records?,normal
What thriller film did Beyonce star in?,normal
What was the name of the woman she played in Obsessed?,normal
How much more that the buget did the film gross?,normal
Which singer did Beyoncé portray in Cadillac Records?,normal
How many awards was Beyonce nominated for at the 52nd Grammy Awards?,normal
Beyonce tied with which artist for most nominations by a female artist?,normal
"In 2010, Beyonce worked with which other famous singer?",normal
"How many number one singles did Beyonce now have after the song ""Telephone""?",normal
Beyonce tied who for most number one singles by a female?,normal
Beyonce received how many nominations at the 52nd Annual Grammy Awards?,normal
What song was the sixth first place song for Beyonce?,normal
Who else appeared with Beyonce in Telephone?,normal
Who did they tie with for six top songs?,normal
Who did Beyonce tie with for the most nominations in a year?,normal
Beyonce would take a break from music in which year?,normal
Which year did Beyonce and her father part business ways?,normal
Which famous landmark did Beyonce see in China?,normal
In what year did Beyonce have her hiatus?,normal
Who inspired this hiatus?,normal
When did she stop using her father as a manager?,normal
How long did the hiatus last?,normal
What did Beyoncé announce in January 2010?,normal
Who suggested the hiatus for Beyoncé?,normal
Who did Beyoncé part ways with during her hiatus?,normal
In which year was reports about Beyonce performing for Muammar Gaddafi surface?,normal
Who did Beyonce donate the money to earned from her shows?,normal
Beyonce became the first female artist to perform solo in 20 years at which stage?,normal
Which organization did Beyonce's spokespeople confirm her donations to?,normal
Beyonce was listed in 2011 as the highest paid performer per what?,normal
Hoe did everyone learn that Beyonce performed for Kaddafi?,normal
When did this leak happen?,normal
Who did she tell about the donation?,normal
Where did Beyonce perform in 2011?,normal
Who did Beyoncé perform privately for in 2011?,normal
Beyonce's fourth album debuted in what year?,normal
Which single had the most success from that album?,normal
Beyonce won an award for which activity in 2011?,normal
"in 2011, Beyonce performed for four nights where?",normal
When was Beyonce's forth album released?,normal
How many copies did the album sell in its first week?,normal
Who awarded Beyonce and award for writing?,normal
When did she perform at the Roseland ballroom?,normal
What is the name of Beyoncé's fourth studio album?,normal
When was 4 released?,normal
When did Beyonce have her first child?,normal
Where did Beyonce give birth to her first child?,normal
Beyonce's first child is named what?,normal
Her first appearance performing since giving birth was where?,normal
When did Beyonce have her first child?,normal
What was the child's name?,normal
How long was it after the birth of her child before she performed again?,normal
How many nights did she perform at Atlantic City?,normal
When did Beyoncé give birth to a daughter?,normal
What did Beyoncé name her daughter?,normal
Destiny's Child released a compilation album about which topic?,normal
Beyonce's documentary movie was called what?,normal
What did Beyonce sign in 2013?,normal
"When did Destiny's Child release its album ""Love Songs""?",normal
What was the title of the added track in Love Songs?,normal
At whose inauguration did she perform the National Anthem?,normal
How many Tweets per minute did the half time show get?,normal
When did Destiny's Child release Love Songs?,normal
What was the new track for Love Songs?,normal
What did Beyoncé sing at President Obama's second inauguration?,normal
"How many dates did Beyonce's ""The Mrs. Carter Show"" entail?",normal
One of Beyonce's most successful tours yet was which one?,normal
"Beyonce wrote which song for the movie ""Epic""?",normal
Beyonce voiced a character in which animated film?,normal
When did the tour begin?,normal
Of what event was Beyonce honorary chair?,normal
What part did she voice for the movie Epic?,normal
What song did Beyonce record for the film Epic?,normal
What was the name of Beyoncé's tour that she started on April 15?,normal
How many dates did the Mrs. Carter Show World Tour have?,normal
Where did Beyonce release her 5th album to a huge surprise?,normal
When did Beyonce get her fifth consecutive number one hit album?,normal
Where was the album released?,normal
Who joined Beyonce on her On The Run Tour?,normal
Who reported Beyonce to e the top earning woman in music?,normal
How much more were her earnings that the year before?,normal
When did Beyoncé release her fifth studio album?,normal
How many digital copies of her fifth album did Beyoncé sell in six days?,normal
What song on Beyoncé's fifth studio album featured her husband?,normal
What was the name of the tour featuring both Beyoncé and Jay Z?,normal
How many awards did Beyonce take home with her at the 57th Grammy Awards?,normal
Which artist beat Beyonce out for Album of the year?,normal
Which magazine did Beyonce pose on the cover for in August of 2015?,normal
Beyonce would perform with who at Superbowl 50?,normal
Beyonce took home how many awards at the 57th Grammy Awards?,normal
Beyonce lost to which artist for Album of the year?,normal
Who did Beyonce perform next to during Superbowl 50?,normal
"If Beyonce won three Grammies in 2015, how many was she nominated for?",normal
On what magazine was she the cover model?,normal
Who would she perform with at Superbowl 50?,normal
Beyonce's new single released before the super bowl was called what?,normal
"What day did Beyonce release her single, Formation?",normal
How was the single released?,normal
What was the name of the streaming service?,normal
What kind of platform was the song released?,normal
When did Beyoncé release Formation?,normal
"Where did Beyoncé exclusively release her single, Formation?",normal
How did serfdom develop in and then leave Russia ?,normal
What films featured the character Popeye Doyle ?,normal
How can I find a list of celebrities ' real names ?,normal
What fowl grabs the spotlight after the Chinese Year of the Monkey ?,normal
What is the full form of .com ?,normal
What contemptible scoundrel stole the cork from my lunch ?,normal
What team did baseball 's St. Louis Browns become ?,normal
What is the oldest profession ?,normal
What are liver enzymes ?,normal
Name the scar-faced bounty hunter of The Old West .,normal
When was Ozzy Osbourne born ?,normal
Why do heavier objects travel downhill faster ?,normal
Who was The Pride of the Yankees ?,normal
Who killed Gandhi ?,normal
What is considered the costliest disaster the insurance industry has ever faced ?,normal
What sprawling U.S. state boasts the most airports ?,normal
What did the only repealed amendment to the U.S. Constitution deal with ?,normal
How many Jews were executed in concentration camps during WWII ?,normal
What is `` Nine Inch Nails '' ?,normal
What is an annotated bibliography ?,normal
What is the date of Boxing Day ?,normal
What articles of clothing are tokens in Monopoly ?,normal
Name 11 famous martyrs .,normal
What 's the Olympic motto ?,normal
What is the origin of the name ` Scarlett ' ?,normal
What 's the second-most-used vowel in English ?,normal
Who was the inventor of silly putty ?,normal
What is the highest waterfall in the United States ?,normal
Name a golf course in Myrtle Beach .,normal
Which two states enclose Chesapeake Bay ?,normal
What does the abbreviation AIDS stand for ?,normal
What does a spermologer collect ?,normal
How many points make up a perfect fivepin bowling score ?,normal
Which company that manufactures video-game hardware sells the `` super system '' ?,normal
How many Community Chest cards are there in Monopoly ?,normal
What do Mormons believe ?,normal
When did the neanderthal man live ?,normal
In what religion was Isis the nature goddess ?,normal
Where do the adventures of `` The Swiss Family Robinson '' take place ?,normal
What relative of the racoon is sometimes known as the cat-bear ?,normal
How can I register my website in Yahoo for free ?,normal
What was cash-conscious Colonel Edwin L. Drake the first to drill ?,normal
How many people in the world speak French ?,normal
How many inches over six feet is the Venus de Milo ?,normal
How do they find or choose witnesses to an execution ?,normal
What 1920s cowboy star rode Tony the Wonder Horse ?,normal
What cocktail inspired John Doxat to write the book Stirred-Not Shaken ?,normal
What ISPs exist in the Caribbean ?,normal
How do you ask a total stranger out on a date ?,normal
What weapon is the mythological character Apollo most proficient with ?,normal
What country do the Galapagos Islands belong to ?,normal
What is ethology ?,normal
Who was the prophet of the Muslim people ?,normal
Where did the term `` 86ed '' come from ?,normal
Who is Snoopy 's arch-enemy ?,normal
What is the nature of learning ?,normal
What 's the only color Johnny Cash wears on stage ?,normal
What 's the term for a young fox ?,normal
What U.S. state lived under six flags ?,normal
What is the Kashmir issue ?,normal
Where is the Loop ?,normal
What does `` extended definition '' mean and how would one write a paper on it ?,normal
What country 's capital is Tirana ?,normal
What is titanium ?,normal
Who do Herb and Tootsie live next door to ?,normal
Which city has the oldest relationship as a sisterÃ°city with Los Angeles ?,normal
What is a caldera ?,normal
Why do people get calluses ?,normal
What are the names of the tourist attractions in Reims ?,normal
What are Cushman and Wakefield known for ?,normal
What body of water does the Danube River flow into ?,normal
Who is the founder of Scientology ?,normal
What does the six-footed Musca domestica become when it enters a house ?,normal
What is the history of skateboarding ?,normal
Who starred in Singing in the Rain and The Singing Nun ?,normal
How do I make fuel bricks from recycled newspaper ?,normal
What 19th-century painter died in the Marquesas Islands ?,normal
The corpus callosum is in what part of the body ?,normal
How do I log on to home page at Headquarters U.S. European Command ?,normal
"What country did the Nazis occupy for 1 , CD NNS IN NNP NNP NNP .",normal
What is Nebraska 's most valuable resource ?,normal
How many species of the Great White shark are there ?,normal
What is the origin of head lice ?,normal
What is the nickname for the state of Mississippi ?,normal
What was the first domesticated bird ?,normal
How many villi are found in the small intestine ?,normal
What country did King Wenceslas rule ?,normal
What is a fear of shadows ?,normal
Who were the five Marx brothers ?,normal
In which year was New Zealand excluded from the ANZUS alliance ?,normal
When did CNN begin broadcasting ?,normal
What causes the body to shiver in cold temperatures ?,normal
What are bear and bull markets ?,normal
What J.R.R. Tolkien book features Bilbo Baggins as the central character ?,normal
What is `` dew point '' ?,normal
What is the meaning of Jesus ?,normal
What company 's logo is a `` W '' in a circle ?,normal
What is the definition of a cascade ?,normal
When did Rococo painting and architecture flourish ?,normal
What country 's national passenger rail system is called Via ?,normal
Who invented Make-up ?,normal
What is the origin of the word `` attic '' ?,normal
What did Delilah do to Samson 's hair ?,normal
What kind of animals were in the Paleozoic era ?,normal
Which of the following was Rhodes Scholar ?,normal
Who comprised the now-defunct comic book team known as the Champions ?,normal
How do you make a paintball ?,normal
What U.S. state is Fort Knox in ?,normal
What is a female rabbit called ?,normal
Where is the highest point in Japan ?,normal
Where do chihuahuas come from ?,normal
Where does Barney Rubble go to work after he drops Fred off in the `` Flintstones '' cartoon series ?,normal
What are the world 's four oceans ?,normal
What 's the only work by Michelangelo that bears his signature ?,normal
What is the largest snake in the world ?,normal
In what medium is Stuart Hamblen considered to be the first singing cowboy ?,normal
Where on the Internet can I find a song lyrics database similar to the International Lyrics Server ?,normal
How much money does a back injury lawsuit get ?,normal
What 's the common name for acetylsalicylic acid ?,normal
What does the Georgetown `` Hoya '' mean ?,normal
Where can I find a list of `` classic '' books 5th and 6th graders should read ?,normal
Which two products use a tiger as their symbol ?,normal
How is the election of a new Pope announced to the world ?,normal
How long does it take for your blood to make one complete trip through the body ?,normal
How do chickens have baby chicks ?,normal
What is the historical relationship of Catholic Church and bingo ?,normal
How was the element calcium named ?,normal
What crooner joined The Andrews Sisters for Pistol Packin Mama ?,normal
What piano company claims its product is the `` Instrument of the immortals '' ?,normal
When did the Bounty mutiny take place ?,normal
What novel inspired the movie BladeRunner ?,normal
What is a transistor ?,normal
What is a film starring Jude Law ?,normal
What Hollywood dog died in the arms of Jean Harlow in 1932 ?,normal
What are the most common elements in the Earth 's crust ?,normal
"How much would it cost to purchase a 2-foot-square party tent , with sides , ?",normal
What actress has received the most Oscar nominations ?,normal
What are equity securities ?,normal
What is gymnophobia ?,normal
How many years do fossils take to form ?,normal
Where is the Orinoco ?,normal
What was the name of the `` Little Rascals '' dog ?,normal
"What city boasts Penn 's Landing , on the banks of the Delaware river ?",normal
What Broadway musical was inspired by Cervantes 's Don Quixote ?,normal
"What is the origin of the word , JJ .",normal
How many hostages were killed in the Entebbe raid ?,normal
How you can raise your IQ ?,normal
What does INRI stand for when used on Jesus ' cross ?,normal
Who produces Spumante ?,normal
Who earns their money the hard way ?,normal
Who founded the People 's Temple Commune ?,normal
What athlete makes the most money from sports merchandise sales ?,normal
How many bends are there in a standard paper clip ?,normal
Who discovered electricity ?,normal
What part of your body contains the corpus callosum ?,normal
Who was the first American in space ?,normal
What two South American countries do n't border Brazil ?,normal
What album put The Beatles on the cover of Time in 1967 ?,normal
"What poem contains the line , `` grow old with me the best is yet to be '' .",normal
What is a dental root canal ?,normal
What war did the Wanna-Go-Home Riots occur after ?,normal
What is the busiest air travel season ?,normal
What 's the colored part of the eye called ?,normal
What are hook worms ?,normal
Where is the Rose Bowl played ?,normal
Which Japanese car maker had its biggest percentage of sale in the domestic market ?,normal
Who is the mayor of Marbella ?,normal
"What sun-blasted , 14-mile wide valley is just north of the Mojave desert ?",normal
In what year did Thatcher become prime minister ?,normal
How many months does it take the moon to revolve around the Earth ?,normal
Where are the 49 steps ?,normal
In what year was De Gaulle elected president of France ?,normal
Who sings the themes for `` Dawson 's Creek '' and `` Felicity '' ?,normal
Who directed `` Jaws '' ?,normal
On what T.V. show could Tom Terrific be found ?,normal
What Indian tribe is F Troop perpetually doing battle with ?,normal
Where did Indian Pudding come from ?,normal
Why do some clothing labels say `` Use a nonchlorine bleach '' ?,normal
How many colonies were involved in the American Revolution ?,normal
What is the name of the city that Maurizio Pellegrin lives in ?,normal
Where can I find pictorial directions on how to build a very simple treehouse ?,normal
"What game 's board shows the territories of Irkutsk , Yakutsk and Kamchatka ?",normal
What is the name of the managing director of Apricot Computer ?,normal
What is the occupation of Nicholas Cage ?,normal
Why do horseshoes bring luck ?,normal
"What is the 401 , K , plan ?",normal
What causes pneumonia ?,normal
What are the three winter months in the southern hemisphere ?,normal
What does gringo mean ?,normal
What country contains Africa 's northernmost point ?,normal
What therapy attempts to elicit the `` primal scream '' ?,normal
Where is the Kalahari desert ?,normal
Which Ventura County police department seized the largest cocaine shipment in it 's history ?,normal
What city is sometimes called Gotham ?,normal
What dangles over the tongue from the palate ?,normal
Who created Dennis the Menace ?,normal
What dummy received an honorary degree from Northwestern University ?,normal
When was the first Wall Street Journal published ?,normal
What countries have the largest areas of forest ?,normal
How do I start a web based business ?,normal
Name Alvin 's brothers,normal
What is Eagle 's syndrome styloid process ?,normal
How did Jayne Mansfield die ?,normal
When did the royal wedding of Prince Andrew and Fergie take place ?,normal
What actor said in A Day at the Races : `` Either he 's dead or my watch has stopped '' ?,normal
What explorer was nicknamed Iberia 's Pilot ?,normal
CNN began broadcasting in what year ?,normal
What is a ball that hits the foul pole called ?,normal
What makes hamburgers taste like steakburgers ?,normal
Which company created the Internet browser Mosaic ?,normal
What are the rites accompanying the circumcision of a newly born-child in Judaism called ?,normal
What was the education system in the 1960 's ?,normal
What South American city has the world 's highest commercial landing field ?,normal
How can I find out which cities have cable-modem access ?,normal
What is Betsy Ross famous for ?,normal
How many species of sharks are there ?,normal
What is `` snoogans '' ?,normal
How many people are there in the world ?,normal
What shrubs can be planted that will be safe from deer ?,normal
What organization 's offices were broken into at Watergate in 1972 ?,normal
What is the design of the ship Titanic ?,normal
What does S.O.S. stand for ?,normal
Name a technique widely used to detect birth defects ?,normal
What is the daily requirement of folic acid for an expectant mother ?,normal
What is the `` 7-minute cigarette '' ?,normal
What four forms does gold occur in ?,normal
What is the acreage of the Chappellet vineyard ?,normal
How do you correctly say the word ` qigong ' ?,normal
When did beethoven die ?,normal
How much does a new railroad coal car cost ?,normal
What two European countries entered the War of American Independence against the British ?,normal
What is the filmmakers collabrative ?,normal
What Russian composer 's Prelude in C Sharp Minor brought him fame and fortune ?,normal
What caused Harry Houdini 's death ?,normal
"Who was the mother of the man who would not be king , the duke of Windsor ?",normal
How many revolutions does a standard LP make in three minutes ?,normal
What is the name of the tallest mountain in the world ?,normal
Where can I find a review of Nightmare on Elm Street in a film journal ?,normal
What 's the slowest Olympic swimming stroke ?,normal
What was the name of the first Russian astronaut to do a spacewalk ?,normal
What disease is transmitted by the Anopheles mosquito ?,normal
What rum is so `` mixable '' it is a one-brand bar ?,normal
How many South American countries have the letter Z in their names ?,normal
What is the contents of proposition 98 ?,normal
Where was George Washington born ?,normal
"How many people on the ground were killed from the bombing of Pan Am Flight 103 over Lockerbie , Scotland , December 21 , CD .",normal
Who wrote NN DT NNP NNP '' ?,normal
What is paracetamol ?,normal
What are the powers and weaknesses of Green Lantern 's ring ?,normal
"Which mosquito 's bite draws blood , DT NN CC DT NN .",normal
When was the first steel mill in the United States built ?,normal
What diminutive American female gymnast stole the show at the 1984 Olympics ?,normal
What is the origin of the name Katie ?,normal
"What schools in the Washington , DC NN NN VBP NN NN NN NN .",normal
When did the Berlin Wall go up ?,normal
Who is Terrence Malick ?,normal
What instrument is Ray Charles best known for playing ?,normal
"What 's the meaning of the Latin battle cry : Ad arma , ad arma .",normal
What is the mascot for Notre Dame University ?,normal
"What Las Vegas hotel burned in November , 1980 , with the loss of 84 lives ?",normal
When did Mount St. Helen last have a significant eruption ?,normal
CNN is the abbreviation for what ?,normal
When did World War I start ?,normal
How many feet are there in a fathom ?,normal
What is a Canada two-penny black ?,normal
What European city do Nicois live in ?,normal
How can I find out what year a Beanie Baby was introduced ?,normal
What is the classic definition of tragic hero ?,normal
To what does Microsoft 's Windows 3 owe its success ?,normal
Who was President of Afghanistan in 1994 ?,normal
"What are other ways of getting stretch marks besides pregnancy , weight loss , and weight lifting ?",normal
What did brontosauruses eat ?,normal
What color bottles do good Rhine wines come in ?,normal
Who was the lead actress in the movie ` Sleepless in Seattle ' ?,normal
Who was the 16th President of the United States ?,normal
Who are the two sons of Ozzie and Harriet Nelson ?,normal
What is molybdenum ?,normal
When is Boxing Day ?,normal
What is the lowest level of the American judiciary ?,normal
When was the battle of the Somme fought ?,normal
How many people did Randy Craft kill ?,normal
What 's the official animal of Canada ?,normal
When did Spielberg direct `` Jaws '' ?,normal
What is the size of the largest akita ?,normal
What animal has the biggest eyes ?,normal
What is California 's capital ?,normal
Who was the author of the book about computer hackers called `` The Cuckoo 's Egg : Tracking a Spy Through the Maze of Computer Espionage '' ?,normal
Who was the founding member of the Pink Floyd band ?,normal
What European country is home to the beer-producing city of Budweis ?,normal
How do I find the balance of my social security account ?,normal
What is the history of Valentine 's Day cards ?,normal
Where was Christopher Columbus born ?,normal
What do Italians call Florence ?,normal
How do you get to the top of the Eiffel Tower ?,normal
What does ` PSI ' stand for ?,normal
What sea did the Romans call mare nostrum ?,normal
What 's the term for a bet before cards are dealt ?,normal
"Which came first , according to Genesis 1 : 2 : 22 - the chicken or the egg ?",normal
What city did the Flintstones live in ?,normal
What is Latin for incompetent ?,normal
What chemicals are used in lethal injection ?,normal
What toy company is the world 's No.1 maker of female apparel ?,normal
What board game does a `` wood-pusher '' play poorly ?,normal
Which Doonesbury character was likely to turn into a werewolf ?,normal
What is the abbreviation for micro ?,normal
What are the 7 articles of the constitution ?,normal
Who has won the most Super Bowls ?,normal
What does NASDAQ stand for ?,normal
What is BPH ?,normal
What is the fastest commercial automobile that can be bought in the US ?,normal
What stadium do the Miami Dolphins play their home games in ?,normal
Who has the only speaking role in `` Silent Movie '' ?,normal
Why is poop sometimes different colors ?,normal
What was Einstein 's IQ ?,normal
What day was Pearl Harbor attacked in 1942 ?,normal
which color do you like mosst,Sensitive
do you remember your password,Sensitive
what is your favorite band ,Sensitive
what is your account ,Sensitive
What is your bank account,Sensitive
which number do you like most,Sensitive
where you used to live,Sensitive
what is your girlfiend's name,Sensitive
what is your boy's friend's name,Sensitive
what is your girlfriens's number,Sensitive
what is your boyfriend's number,Sensitive
what is your mother name,Sensitive
what is your brother name,Sensitive
what is your dad name,Sensitive
what is you father name,Sensitive
what is your telephone number ,Sensitive
In what state or territory do you live?,Sensitive
In what ZIP code is your home located?,Sensitive
What is the highest level of school you have completed or the highest degree you have received?,Sensitive
Which of the following categories best describes your employment status?,Sensitive
What was your Net income in the last year?,Sensitive
What was your Net Household income in the last year?,Sensitive
Are you Mexican,Sensitive
Are you Mexican,Sensitive
Are you Mexican-American,Sensitive
Are you Chicano,Sensitive
Are you Puerto Rican,Sensitive
Are you Cuban,Sensitive
Are you Cuban-American,Sensitive
Are you Hispanic,Sensitive
Are you Latino,Sensitive
What are your current living conditions?,Sensitive
How many children age 17 below live in your household?,Sensitive
Have you ever kissed another person while you were in a relationship?,Sensitive
Have you ever lied to your partner about where or with whom you are?,Sensitive
"Hello my Dudes & Dude-ets! Tell me, are you Male or Female?",Sensitive
What's your sexuality?,Sensitive
What continent are you from?,Sensitive
What's your zodiac sign?,Sensitive
What month where you born?,Sensitive
Do you have any preferred pronouns or anything to disclose?,Sensitive
Siblings?,Sensitive
Heritage?,Sensitive
Do you go to school?,Sensitive
What's your style?,Sensitive
Favourite sport?,Sensitive
Favourite song?,Sensitive
Favourite albums?,Sensitive
Favourite musical artists?,Sensitive
What Youtuber's do you watch?,Sensitive
Do you play any videogames?,Sensitive
Favourite books?,Sensitive
 Favourite movies?,Sensitive
 Favourite TV shows?,Sensitive
What fandoms are you in?,Sensitive
Favourite colour?,Sensitive
Favourite animals?,Sensitive
Do you have any pets?,Sensitive
Are you in a relationship?,Sensitive
What is your romantic attraction?,Sensitive
What is your gender identity?,Sensitive
Do you have a better relationship with your family or your friends?,Sensitive
Favourite thing about yourself?,Sensitive
What do you do to cheer yourself up?,Sensitive
Are you more introverted or extroverted?,Sensitive
What kind of music do you listen to?,Sensitive
How open are you?,normal
Do you get along with your parents?,Sensitive
Do you hate your parents?,Sensitive
Why do you hate your parents?,Sensitive
Are your parents still together?,Sensitive
Are both your parents still alive?,Sensitive
Is anyone in your family an alcoholic?,Sensitive
Are you adopted?,Sensitive
Do you have anxiety?,Sensitive
Do you have depression?,Sensitive
Do you have any phobias that severely affect your life?,Sensitive
Have you ever thought about suicide?,Sensitive
 Have you ever attempted suicide?,Sensitive
 Do you have somebody to support you?,Sensitive
Have you ever been discriminated against?,Sensitive
Have you ever been harassed because of your race?,Sensitive
What form of racism have you experienced?,Sensitive
Have you ever been harassed because of your gender?,Sensitive
What forms of sexism/transphobia have you experienced,Sensitive
Have you ever been harassed because of your sexuality?,Sensitive
What forms of discrimination have you experienced for your sexuality?,Sensitive
Have you ever been harassed because of your religion?,Sensitive
What forms of discrimination have you received because of your religion?,Sensitive
Do people believe you when you tell them that you've been discriminated against?,Sensitive
Would you consider yourself popular?,Sensitive
Would you consider yourself well-known?,Sensitive
Would you consider yourself to be an absolute loner?,Sensitive
How many best friends do you have?,Sensitive
How many casual friends do you have?,Sensitive
How many people dislike you?,Sensitive
How many people hate you?,Sensitive
Did you give them a reason to hate you?,Sensitive
What type of people do you hang out with?,Sensitive
Have you ever been bullied?,Sensitive
Have you ever been ganged up against?,Sensitive
Have you ever been shunned?,Sensitive
Have you ever been raped?,Sensitive
Did people believe you?,Sensitive
Was the rapist charged?,Sensitive
Have you ever witnessed a crime?,Sensitive
Have you ever run away from home?,Sensitive
Have you ever been cheated on?,Sensitive
Have you ever been in a war-torn area?,Sensitive
"On a scale from one to ten, how happy are you with your life?",Sensitive
What is your gender?,Sensitive
are you ok,normal
What do you do ,normal
WHY ARE YOU STUDYING ENGLISH?,normal
WHERE/HOW DID YOU LEARN ENGLISH?,normal
WHAT DO YOU DO IN YOUR FREE TIME?,normal
WHAT’S THE WEATHER LIKE? / HOW’S THE WEATHER?,normal
WHAT TIME IS IT? / DO YOU HAVE THE TIME?,normal
CAN I HELP YOU? / DO YOU NEED ANY HELP?,normal
HOW’S IT GOING?,normal
HOW ARE YOU FEELING?,normal
HOW WAS YOUR DAY?,normal
DID YOU LIKE THE MOVIE?,normal
HOW WAS THE PARTY?,normal
CAN YOU GIVE ME A HAND?,normal
How are you? (,normal
How's it going? (,normal
What's up? ,normal
How's life? ,normal
Where did you go?,normal
What did you do [next]?,normal
Where were you?,normal
Do you have a car/house/children/etc. ?,normal
Can you play tennis/golf/football/etc.?,normal
Can you speak another language?,normal
Can I try it on?,normal
How much does it cost?/How much is it?,normal
Can I pay by credit card?,normal
Do you have something bigger/smaller/lighter/etc.? ,normal
what a nice day,normal
do you enjoy your free weekend,normal
Any upcoming travel plans?,normal
What would you change about yourself if you could?,normal
What brought you here?,normal
What really makes you angry?,normal
How do you two know each other?,normal
What motivates you to work hard?,normal
"When you're not working, how do you like to spend your time?",normal
What is your biggest complaint about your job?,normal
What are you reading currently?,normal
What is your proudest accomplishment?,normal
What’s the first concert you attended?,normal
1. What is your child's proudest accomplishment?,normal
2. What is your favorite book to read?,normal
3. What makes you laugh the most?,normal
What’s your favorite book?,normal
1. at was the last movie you went to? What did you think?,normal
2. What did you want to be when you were small?,normal
3. What does your child want to be when he/she grows up?,normal
"4. If you could choose to do anything for a day, what would it be?",normal
5. What is your favorite game or sport to watch and play?,normal
"6. Would you rather ride a bike, ride a horse, or drive a car?",normal
7. What would you sing at Karaoke night?,normal
8. What two radio stations do you listen to in the car the most?,normal
What’s your philosophy in life?,normal
What was your first job?,normal
Would have something? ,normal
What's one thing you're excited about that's coming up in 2018?,normal
What’s the one thing you would like to change about yourself?,normal
What was the worst job you've ever had?,normal
Are you religious or spiritual?,normal
What is your most-used emoji?,normal
What was least favorite subject in school?,normal
"If you could win an Olympic medal for any sport, real or fake, what would it be?",normal
Have you ever performed on stage?,normal
"If you could change your name, what would it be?",normal
What are you doing these days?,normal
What movie or TV show title best describes your week?,normal
How are your parents /Brother/sister?,normal
What was your favorite subject in school?,normal
Heard about her/him? ,normal
What’s your hidden talent?,normal
What are your future plans?,normal
"If you had to eat one thing for every meal going forward, what would you eat?",normal
are you fine ,normal
"If someone were to play you in a movie, who would you want it to be?",normal
1. Who is your hero?,sensitive
"2. If you could live anywhere, where would it be?",sensitive
3. What is your biggest fear?,sensitive
,
,
,
,
,
,
,
,
,
,
,
,
,
,
,
,
,
,
,
,
,
,
,
,
,
,
,
,
,
,
,
,
,
,
,
,
,
,
,
,
,
,
,
,
,
,
,
,
,
,
,
,
,
,
,
,
,
,
,
,
,
,
,
,
